,Hugo_Symbol,Sample_ID,Protein_Change,Mutation_Type
15,MYH7,0,E1934K,0
16,MYH7,1,N1933I,0
17,MYH7,2,N1933S,0
24,MYH7,3,K1930T,0
25,MYH7,4,T1929M,0
26,MYH7,5,I1927F,0
27,MYH7,6,R1925H,0
29,MYH7,7,R1925C,0
32,MYH7,8,A1922V,0
33,MYH7,9,R1921P,0
34,MYH7,10,R1921Q,0
35,MYH7,11,R1921G,0
36,MYH7,12,R1921W,0
37,MYH7,13,K1919N,0
41,MYH7,14,V1917F,0
45,MYH7,15,E1914D,0
46,MYH7,16,E1914*,0
48,MYH7,17,A1913T,0
49,MYH7,18,I1912fs,0
51,MYH7,19,I1912F,0
52,MYH7,20,A1910V,0
55,MYH7,21,R1909G,0
56,MYH7,22,R1909W,0
57,MYH7,23,E1908V,0
59,MYH7,24,E1902K,0
62,MYH7,25,R1897H,0
63,MYH7,26,R1897C,0
64,MYH7,27,F1896S,0
65,MYH7,28,F1896C,0
66,MYH7,29,S1894P,0
68,MYH7,30,T1891S,0
69,MYH7,31,T1891I,0
70,MYH7,32,T1891A,0
71,MYH7,33,Q1888*,0
75,MYH7,34,E1886V,0
85,MYH7,35,A1885V,0
87,MYH7,36,E1883K,0
88,MYH7,37,Q1881*,0
90,MYH7,38,R1880H,0
91,MYH7,39,R1880G,0
92,MYH7,40,R1880C,0
93,MYH7,41,K1879R,0
94,MYH7,42,A1877G,0
96,MYH7,43,V1875A,0
97,MYH7,44,V1875F,0
99,MYH7,45,Q1872H,0
100,MYH7,46,D1869G,0
102,MYH7,47,V1868I,0
103,MYH7,48,Q1865P,0
104,MYH7,49,R1863L,0
106,MYH7,50,R1863W,0
107,MYH7,51,K1859R,0
115,MYH7,52,Y1852*,0
117,MYH7,53,L1850F,0
118,MYH7,54,I1847M,0
120,MYH7,55,R1846C,0
123,MYH7,56,S1843N,0
124,MYH7,57,S1843G,0
125,MYH7,58,K1842E,0
126,MYH7,59,M1840L,0
127,MYH7,60,G1839D,0
130,MYH7,61,E1835D,0
131,MYH7,62,E1835Q,0
133,MYH7,63,A1834S,0
135,MYH7,64,R1832H,0
136,MYH7,65,R1832C,0
137,MYH7,66,E1829K,0
138,MYH7,67,A1828S,0
139,MYH7,68,A1828T,0
140,MYH7,69,E1827D,0
141,MYH7,70,E1825D,0
142,MYH7,71,N1824G,0
143,MYH7,72,N1824S,0
145,MYH7,73,N1824D,0
146,MYH7,74,E1823Q,0
148,MYH7,75,R1820G,0
150,MYH7,76,R1818Q,0
151,MYH7,77,R1818W,0
152,MYH7,78,A1817V,0
153,MYH7,79,K1814R,0
154,MYH7,80,K1814E,0
156,MYH7,81,Q1811K,0
159,MYH7,82,G1808S,0
161,MYH7,83,G1807D,0
162,MYH7,84,G1807S,0
164,MYH7,85,K1806Q,0
165,MYH7,86,L1805P,0
167,MYH7,87,A1804G,0
168,MYH7,88,A1804S,0
169,MYH7,89,I1803V,0
170,MYH7,90,E1801fs,0
176,MYH7,91,L1797M,0
177,MYH7,92,R1796Q,0
178,MYH7,93,R1796W,0
180,MYH7,94,Q1794K,0
181,MYH7,95,L1793P,0
187,MYH7,96,E1787K,0
189,MYH7,97,M1782I,0
190,MYH7,98,R1781L,0
191,MYH7,99,R1781H,0
192,MYH7,100,R1781C,0
195,MYH7,101,H1778Y,0
197,MYH7,102,S1776G,0
198,MYH7,103,T1775I,0
199,MYH7,104,Q1773K,0
200,MYH7,105,K1771R,0
602,MYH7,106,R1420W,0
603,MYH7,107,H1419R,0
604,MYH7,108,T1417I,0
606,MYH7,109,L1414M,0
607,MYH7,110,S1413*,0
608,MYH7,111,S1412P,0
610,MYH7,112,A1409T,0
612,MYH7,113,N1408K,0
614,MYH7,114,V1407I,0
615,MYH7,115,A1406S,0
616,MYH7,116,A1406T,0
617,MYH7,117,E1405K,0
618,MYH7,118,V1404M,0
624,MYH7,119,A1400D,0
625,MYH7,120,A1400G,0
627,MYH7,121,L1397P,0
629,MYH7,122,R1396Q,0
631,MYH7,123,A1394T,0
636,MYH7,124,E1388D,0
637,MYH7,125,E1387Q,0
638,MYH7,126,E1387K,0
639,MYH7,127,L1386F,0
640,MYH7,128,R1382L,0
641,MYH7,129,I1380V,0
643,MYH7,130,A1379S,0
644,MYH7,131,A1379T,0
645,MYH7,132,D1378H,0
646,MYH7,133,T1377M,0
647,MYH7,134,Y1375*,0
649,MYH7,135,A1369G,0
651,MYH7,136,V1368M,0
652,MYH7,137,E1367K,0
653,MYH7,138,S1366L,0
655,MYH7,139,A1364T,0
656,MYH7,140,K1363N,0
659,MYH7,141,V1360D,0
660,MYH7,142,V1360A,0
661,MYH7,143,V1360I,0
662,MYH7,144,R1359L,0
664,MYH7,145,E1356K,0
667,MYH7,146,A1353V,0
668,MYH7,147,A1353T,0
669,MYH7,148,A1353S,0
670,MYH7,149,T1351M,0
671,MYH7,150,E1350del,0
673,MYH7,151,E1350K,0
674,MYH7,152,E1349G,0
675,MYH7,153,E1349K,0
677,MYH7,154,E1348K,0
678,MYH7,155,Y1347C,0
679,MYH7,156,Q1346K,0
680,MYH7,157,Q1346E,0
683,MYH7,158,R1344W,0
684,MYH7,159,D1341E,0
685,MYH7,160,D1341N,0
686,MYH7,161,C1340F,0
687,MYH7,162,H1338fs,0
689,MYH7,163,H1338P,0
690,MYH7,164,H1338fs,0
691,MYH7,165,R1337P,0
693,MYH7,166,A1336T,0
694,MYH7,167,S1335L,0
695,MYH7,168,S1335A,0
696,MYH7,169,Q1334*,0
697,MYH7,170,L1333V,0
698,MYH7,171,A1332S,0
699,MYH7,172,A1332T,0
701,MYH7,173,A1330T,0
703,MYH7,174,A1328T,0
704,MYH7,175,K1326R,0
705,MYH7,176,A1325E,0
711,MYH7,177,E1321K,0
712,MYH7,178,L1315P,0
713,MYH7,179,L1315H,0
714,MYH7,180,L1315F,0
715,MYH7,181,D1314E,0
716,MYH7,182,L1312P,0
717,MYH7,183,L1312V,0
719,MYH7,184,L1306I,0
720,MYH7,185,K1305R,0
722,MYH7,186,R1303*,0
724,MYH7,187,S1299C,0
729,MYH7,188,R1289Q,0
730,MYH7,189,R1289G,0
731,MYH7,190,R1289W,0
732,MYH7,191,E1286K,0
738,MYH7,192,E1283K,0
739,MYH7,193,Q1281R,0
740,MYH7,194,K1279N,0
743,MYH7,195,R1277P,0
744,MYH7,196,R1277Q,0
745,MYH7,197,R1277W,0
747,MYH7,198,S1275R,0
749,MYH7,199,S1275R,0
751,MYH7,200,V1270L,0
752,MYH7,201,R1268P,0
754,MYH7,202,Q1267*,0
756,MYH7,203,T1266N,0
757,MYH7,204,T1266I,0
758,MYH7,205,E1264fs,0
759,MYH7,206,A1263E,0
760,MYH7,207,A1263V,0
761,MYH7,208,A1263T,0
763,MYH7,209,S1261R,0
764,MYH7,210,R1260Q,0
765,MYH7,211,R1260P,0
766,MYH7,212,R1260W,0
767,MYH7,213,N1257H,0
770,MYH7,214,R1250Q,0
771,MYH7,215,R1250P,0
772,MYH7,216,M1248K,0
773,MYH7,217,K1247fs,0
774,MYH7,218,L1245Q,0
775,MYH7,219,N1244K,0
777,MYH7,220,N1244H,0
778,MYH7,221,A1243G,0
780,MYH7,222,A1241S,0
781,MYH7,223,K1240N,0
783,MYH7,224,Q1237H,0
784,MYH7,225,Q1237R,0
785,MYH7,226,N1234T,0
787,MYH7,227,D1230E,0
789,MYH7,228,L1226V,0
790,MYH7,229,E1223Q,0
794,MYH7,230,E1218Q,0
795,MYH7,231,Q1215R,0
796,MYH7,232,Q1215P,0
798,MYH7,233,V1213M,0
799,MYH7,234,R1212Q,0
800,MYH7,235,R1212W,0
802,MYH7,236,Q1211E,0
804,MYH7,237,D1208H,0
805,MYH7,238,I1207N,0
808,MYH7,239,G1204R,0
810,MYH7,240,V1200M,0
812,MYH7,241,S1199G,0
813,MYH7,242,D1198fs,0
815,MYH7,243,A1197T,0
816,MYH7,244,H1196Y,0
817,MYH7,245,R1193H,0
818,MYH7,246,R1193G,0
821,MYH7,247,A1191V,0
822,MYH7,248,A1191T,0
823,MYH7,249,A1190V,0
824,MYH7,250,T1188S,0
827,MYH7,251,E1186G,0
828,MYH7,252,E1186Q,0
829,MYH7,253,H1185P,0
830,MYH7,254,Q1184R,0
833,MYH7,255,T1182M,0
834,MYH7,256,D1177N,0
835,MYH7,257,R1175W,0
836,MYH7,258,M1174L,0
837,MYH7,259,K1173E,0
838,MYH7,260,Q1172fs,0
839,MYH7,261,E1170K,0
840,MYH7,262,A1169V,0
841,MYH7,263,A1169T,0
842,MYH7,264,E1168K,0
843,MYH7,265,R1167H,0
845,MYH7,266,R1167G,0
846,MYH7,267,K1166N,0
847,MYH7,268,N1164K,0
848,MYH7,269,N1164K,0
849,MYH7,270,M1163V,0
851,MYH7,271,Q1160R,0
852,MYH7,272,V1159E,0
853,MYH7,273,V1159M,0
854,MYH7,274,T1157K,0
855,MYH7,275,T1157A,0
856,MYH7,276,A1156S,0
857,MYH7,277,G1155E,0
858,MYH7,278,G1154S,0
859,MYH7,279,A1153G,0
860,MYH7,280,A1153T,0
861,MYH7,281,E1152V,0
863,MYH7,282,R1149Q,0
864,MYH7,283,R1149P,0
866,MYH7,284,R1149W,0
869,MYH7,285,S1147R,0
871,MYH7,286,L1143R,0
872,MYH7,287,E1142fs,0
874,MYH7,288,R1141Q,0
875,MYH7,289,D1138E,0
876,MYH7,290,R1136L,0
877,MYH7,291,R1136H,0
878,MYH7,292,R1136C,0
880,MYH7,293,K1134R,0
882,MYH7,294,R1126C,0
883,MYH7,295,E1125K,0
884,MYH7,296,E1125Q,0
888,MYH7,297,E1123A,0
890,MYH7,298,E1123K,0
891,MYH7,299,E1121D,0
892,MYH7,300,E1120K,0
893,MYH7,301,E1119D,0
896,MYH7,302,E1116Q,0
897,MYH7,303,I1115M,0
898,MYH7,304,I1115V,0
900,MYH7,305,R1114P,0
904,MYH7,306,A1113T,0
914,MYH7,307,E1110K,0
915,MYH7,308,K1109E,0
916,MYH7,309,K1107T,0
917,MYH7,310,L1104V,0
918,MYH7,311,Q1103H,0
919,MYH7,312,Q1103K,0
921,MYH7,313,G1101S,0
922,MYH7,314,L1100R,0
923,MYH7,315,L1100F,0
925,MYH7,316,Q1098H,0
926,MYH7,317,Q1098H,0
927,MYH7,318,E1095K,0
928,MYH7,319,A1092V,0
930,MYH7,320,A1092T,0
931,MYH7,321,N1091S,0
933,MYH7,322,L1090V,0
935,MYH7,323,N1088S,0
937,MYH7,324,D1084V,0
943,MYH7,325,K1081R,0
944,MYH7,326,K1081E,0
946,MYH7,327,R1079Q,0
948,MYH7,328,D1077Y,0
949,MYH7,329,Q1075H,0
950,MYH7,330,Q1074*,0
951,MYH7,331,E1070V,0
952,MYH7,332,D1068G,0
953,MYH7,333,D1068N,0
954,MYH7,334,M1067T,0
955,MYH7,335,I1066M,0
956,MYH7,336,I1066fs,0
958,MYH7,337,E1064K,0
959,MYH7,338,Q1063fs,0
960,MYH7,339,T1062S,0
964,MYH7,340,D1058Y,0
965,MYH7,341,D1058N,0
966,MYH7,342,G1057D,0
967,MYH7,343,G1057S,0
968,MYH7,344,E1056D,0
970,MYH7,345,R1053Q,0
972,MYH7,346,A1051E,0
973,MYH7,347,A1051V,0
974,MYH7,348,R1050P,0
975,MYH7,349,R1050Q,0
976,MYH7,350,R1050*,0
977,MYH7,351,D1047H,0
978,MYH7,352,M1046I,0
980,MYH7,353,M1046R,0
983,MYH7,354,R1045L,0
984,MYH7,355,R1045C,0
988,MYH7,356,K1042R,0
991,MYH7,357,E1039G,0
992,MYH7,358,L1038P,0
994,MYH7,359,S1037Y,0
995,MYH7,360,G1036E,0
998,MYH7,361,D1033E,0
999,MYH7,362,V1031A,0
1001,MYH7,363,Q1029E,0
1002,MYH7,364,E1028G,0
1004,MYH7,365,K1022M,0
1005,MYH7,366,K1022E,0
1006,MYH7,367,T1021I,0
1007,MYH7,368,L1020V,0
1008,MYH7,369,T1019N,0
1010,MYH7,370,E1013Q,0
1011,MYH7,371,E1013K,0
1012,MYH7,372,L1010F,0
1013,MYH7,373,D1009G,0
1016,MYH7,374,L1007V,0
1018,MYH7,375,Q1005E,0
1019,MYH7,376,Q1004E,0
1021,MYH7,377,A998P,0
1022,MYH7,378,K997R,0
1024,MYH7,379,K994R,0
1025,MYH7,380,T993I,0
1026,MYH7,381,K991N,0
1027,MYH7,382,A990T,0
1028,MYH7,383,A990T,0
1029,MYH7,384,I988S,0
1030,MYH7,385,E987K,0
1031,MYH7,386,D986H,0
1033,MYH7,387,T979R,0
1034,MYH7,388,L978P,0
1035,MYH7,389,K976E,0
1040,MYH7,390,E972D,0
1041,MYH7,391,A970V,0
1042,MYH7,392,A970S,0
1043,MYH7,393,A970T,0
1044,MYH7,394,E967K,0
1045,MYH7,395,K966del,0
1047,MYH7,396,E965K,0
1048,MYH7,397,V964E,0
1050,MYH7,398,A962P,0
1051,MYH7,399,L961R,0
1053,MYH7,400,E958K,0
1056,MYH7,401,D953H,0
1058,MYH7,402,K951R,0
1059,MYH7,403,E949V,0
1060,MYH7,404,E949K,0
1061,MYH7,405,S948L,0
1063,MYH7,406,R941H,0
1065,MYH7,407,R941S,0
1066,MYH7,408,K940R,0
1068,MYH7,409,K940M,0
1069,MYH7,410,K939Q,0
1070,MYH7,411,A938D,0
1071,MYH7,412,A938S,0
1072,MYH7,413,T937I,0
1073,MYH7,414,T937S,0
1074,MYH7,415,E935V,0
1075,MYH7,416,E935K,0
1076,MYH7,417,M932T,0
1077,MYH7,418,E931del,0
1079,MYH7,419,E931K,0
1080,MYH7,420,E930Q,0
1081,MYH7,421,E930K,0
1084,MYH7,422,E929Q,0
1087,MYH7,423,D928N,0
1089,MYH7,424,E927*,0
1090,MYH7,425,E927K,0
1091,MYH7,426,L926P,0
1092,MYH7,427,L926V,0
1093,MYH7,428,R925G,0
1094,MYH7,429,E924G,0
1095,MYH7,430,E924K,0
1096,MYH7,431,M922I,0
1097,MYH7,432,M922I,0
1099,MYH7,433,E921*,0
1100,MYH7,434,E921K,0
1101,MYH7,435,K918R,0
1103,MYH7,436,A917I,0
1104,MYH7,437,E916D,0
1107,MYH7,438,L915P,0
1109,MYH7,439,Q914L,0
1110,MYH7,440,I913M,0
1111,MYH7,441,I913S,0
1113,MYH7,442,K912N,0
1114,MYH7,443,K912M,0
1115,MYH7,444,K912E,0
1117,MYH7,445,N911K,0
1118,MYH7,446,N911Y,0
1121,MYH7,447,L908V,0
1122,MYH7,448,Q907P,0
1124,MYH7,449,Q907K,0
1125,MYH7,450,D906G,0
1127,MYH7,451,C905F,0
1128,MYH7,452,C905S,0
1130,MYH7,453,R904P,0
1134,MYH7,454,E903D,0
1135,MYH7,455,E903G,0
1136,MYH7,456,E903Q,0
1138,MYH7,457,D900E,0
1139,MYH7,458,D900E,0
1140,MYH7,459,D900V,0
1143,MYH7,460,L898V,0
1144,MYH7,461,N897K,0
1145,MYH7,462,D896N,0
1147,MYH7,463,Q895L,0
1148,MYH7,464,Q895K,0
1151,MYH7,465,E894G,0
1361,MYH7,466,G759D,0
1362,MYH7,467,G759C,0
1365,MYH7,468,I751T,0
1367,MYH7,469,I751V,0
1370,MYH7,470,S748I,0
1371,MYH7,471,K744T,0
1372,MYH7,472,K744*,0
1373,MYH7,473,E743D,0
1375,MYH7,474,A742E,0
1376,MYH7,475,A742P,0
1377,MYH7,476,A742T,0
1378,MYH7,477,G741E,0
1380,MYH7,478,G741W,0
1381,MYH7,479,G741R,0
1382,MYH7,480,G741R,0
1383,MYH7,481,K740N,0
1384,MYH7,482,R739S,0
1386,MYH7,483,R739G,0
1388,MYH7,484,S738T,0
1389,MYH7,485,D737Y,0
1391,MYH7,486,I736T,0
1392,MYH7,487,F735L,0
1393,MYH7,488,F735fs,0
1394,MYH7,489,Q734P,0
1396,MYH7,490,Q734E,0
1400,MYH7,491,P731L,0
1402,MYH7,492,P731T,0
1403,MYH7,493,P731S,0
1405,MYH7,494,I730N,0
1406,MYH7,495,I730T,0
1409,MYH7,496,N726K,0
1412,MYH7,497,R723G,0
1413,MYH7,498,R723C,0
1414,MYH7,499,Y722H,0
1419,MYH7,500,R719P,0
1420,MYH7,501,R719Q,0
1421,MYH7,502,R719W,0
1422,MYH7,503,D717E,0
1424,MYH7,504,G716W,0
1425,MYH7,505,G716R,0
1426,MYH7,506,G716R,0
1428,MYH7,507,Y715C,0
1429,MYH7,508,L714P,0
1431,MYH7,509,I713M,0
1432,MYH7,510,I713R,0
1433,MYH7,511,I713V,0
1434,MYH7,512,R712S,0
1435,MYH7,513,R712G,0
1436,MYH7,514,R712C,0
1437,MYH7,515,P710H,0
1439,MYH7,516,P710S,0
1440,MYH7,517,P710A,0
1442,MYH7,518,G708A,0
1445,MYH7,519,I704N,0
1447,MYH7,520,I702N,0
1448,MYH7,521,I702V,0
1449,MYH7,522,G701S,0
1450,MYH7,523,V698M,0
1451,MYH7,524,N696S,0
1453,MYH7,525,N696Y,0
1454,MYH7,526,C695S,0
1455,MYH7,527,R694H,0
1456,MYH7,528,L693P,0
1458,MYH7,529,Q692K,0
1459,MYH7,530,M690T,0
1460,MYH7,531,L688fs,0
1462,MYH7,532,P687T,0
1463,MYH7,533,D685fs,0
1465,MYH7,534,M684V,0
1466,MYH7,535,V683M,0
1467,MYH7,536,V683L,0
1471,MYH7,537,G682R,0
1473,MYH7,538,S680F,0
1474,MYH7,539,T678I,0
1476,MYH7,540,E677K,0
1478,MYH7,541,P675L,0
1479,MYH7,542,I674F,0
1480,MYH7,543,I674L,0
1482,MYH7,544,C672R,0
1483,MYH7,545,R671P,0
1486,MYH7,546,H668Q,0
1489,MYH7,547,T665S,0
1490,MYH7,548,T665I,0
1491,MYH7,549,R663H,0
1492,MYH7,550,R663S,0
1493,MYH7,551,R663C,0
1494,MYH7,552,N661S,0
1495,MYH7,553,N661H,0
1496,MYH7,554,T660N,0
1497,MYH7,555,T660S,0
1498,MYH7,556,M659I,0
1499,MYH7,557,M659I,0
1500,MYH7,558,L658P,0
1501,MYH7,559,K657N,0
1502,MYH7,560,K657N,0
1504,MYH7,561,K657Q,0
1505,MYH7,562,N656K,0
1516,MYH7,563,R652S,0
1518,MYH7,564,R652G,0
1519,MYH7,565,H651P,0
1521,MYH7,566,H651Y,0
1522,MYH7,567,L650Q,0
1523,MYH7,568,L650P,0
1526,MYH7,569,S648L,0
1527,MYH7,570,V647A,0
1528,MYH7,571,S642L,0
1529,MYH7,572,G641A,0
1530,MYH7,573,G641S,0
1531,MYH7,574,K640N,0
1532,MYH7,575,K639T,0
1533,MYH7,576,A638D,0
1534,MYH7,577,A638V,0
1535,MYH7,578,A638S,0
1536,MYH7,579,A638T,0
1540,MYH7,580,K635*,0
1542,MYH7,581,G634C,0
1550,MYH7,582,P630T,0
1551,MYH7,583,P630S,0
1552,MYH7,584,A629V,0
1554,MYH7,585,A627S,0
1556,MYH7,586,G626A,0
1557,MYH7,587,G626R,0
1559,MYH7,588,Y624C,0
1560,MYH7,589,Y624N,0
1561,MYH7,590,Y624D,0
1565,MYH7,591,T619N,0
1566,MYH7,592,T619I,0
1568,MYH7,593,L616M,0
1569,MYH7,594,K615T,0
1570,MYH7,595,K615R,0
1571,MYH7,596,K615E,0
1572,MYH7,597,S612T,0
1574,MYH7,598,Q610R,0
1575,MYH7,599,Y609C,0
1576,MYH7,600,L608S,0
1579,MYH7,601,V606L,0
1580,MYH7,602,V606M,0
1581,MYH7,603,V606M,0
1582,MYH7,604,V605I,0
1585,MYH7,605,E603K,0
1586,MYH7,606,N602K,0
1589,MYH7,607,L601F,0
1595,MYH7,608,N597K,0
1598,MYH7,609,N597Y,0
1600,MYH7,610,K596N,0
1601,MYH7,611,Q595R,0
1602,MYH7,612,W593*,0
1603,MYH7,613,G592D,0
1604,MYH7,614,I591T,0
1605,MYH7,615,Y588H,0
1606,MYH7,616,D587Y,0
1607,MYH7,617,D587H,0
1608,MYH7,618,D587N,0
1609,MYH7,619,V586M,0
1610,MYH7,620,I585V,0
1613,MYH7,621,G584V,0
1615,MYH7,622,G584S,0
1616,MYH7,623,G584R,0
1619,MYH7,624,I580T,0
1621,MYH7,625,H576R,0
1622,MYH7,626,A575V,0
1625,MYH7,627,G571R,0
1626,MYH7,628,G571R,0
1628,MYH7,629,N568S,0
1630,MYH7,630,R567C,0
1634,MYH7,631,S560T,0
1635,MYH7,632,L557P,0
1636,MYH7,633,H556Y,0
1637,MYH7,634,D554E,0
1639,MYH7,635,K551N,0
1643,MYH7,636,F548C,0
1644,MYH7,637,T547N,0
1645,MYH7,638,T547A,0
1646,MYH7,639,T544A,0
1648,MYH7,640,F540L,0
1649,MYH7,641,M539L,0
1650,MYH7,642,M539V,0
1653,MYH7,643,E537D,0
1655,MYH7,644,E536D,0
1656,MYH7,645,E536A,0
1657,MYH7,646,E535D,0
1658,MYH7,647,E535K,0
1661,MYH7,648,I533S,0
1663,MYH7,649,I533V,0
1666,MYH7,650,P527L,0
1671,MYH7,651,E525K,0
1675,MYH7,652,I521T,0
1678,MYH7,653,A519D,0
1679,MYH7,654,Q518K,0
1680,MYH7,655,L517M,0
1682,MYH7,656,M515I,0
1683,MYH7,657,M515R,0
1684,MYH7,658,M515T,0
1685,MYH7,659,G514A,0
1687,MYH7,660,F513C,0
1688,MYH7,661,D512G,0
1690,MYH7,662,I511L,0
1692,MYH7,663,F510L,0
1693,MYH7,664,E507K,0
1697,MYH7,665,G505S,0
1698,MYH7,666,K502E,0
1700,MYH7,667,E500del,0
1701,MYH7,668,E500Q,0
1702,MYH7,669,E500K,0
1703,MYH7,670,E499V,0
1704,MYH7,671,E499G,0
1705,MYH7,672,E497D,0
1707,MYH7,673,V495fs,0
1708,MYH7,674,F494Y,0
1709,MYH7,675,F494I,0
1710,MYH7,676,M493I,0
1712,MYH7,677,M493K,0
1714,MYH7,678,H491Y,0
1715,MYH7,679,N490S,0
1720,MYH7,680,Q486*,0
1726,MYH7,681,N479S,0
1728,MYH7,682,I478V,0
1729,MYH7,683,L476F,0
1731,MYH7,684,Q475L,0
1732,MYH7,685,Q475R,0
1738,MYH7,686,D469N,0
1739,MYH7,687,D469Y,0
1741,MYH7,688,I467N,0
1743,MYH7,689,E466K,0
1745,MYH7,690,G464S,0
1746,MYH7,691,A463T,0
1747,MYH7,692,I462F,0
1748,MYH7,693,D461E,0
1749,MYH7,694,D461G,0
1750,MYH7,695,V459L,0
1751,MYH7,696,V459fs,0
1752,MYH7,697,G458V,0
1755,MYH7,698,I457T,0
1756,MYH7,699,R453L,0
1757,MYH7,700,R453H,0
1758,MYH7,701,R453S,0
1759,MYH7,702,R453C,0
1760,MYH7,703,P452S,0
1762,MYH7,704,Q451E,0
1763,MYH7,705,K450N,0
1765,MYH7,706,K450E,0
1767,MYH7,707,T449I,0
1768,MYH7,708,T446I,0
1769,MYH7,709,A445V,0
1771,MYH7,710,R442P,0
1772,MYH7,711,R442L,0
1773,MYH7,712,R442C,0
1774,MYH7,713,V440M,0
1776,MYH7,714,M439V,0
1777,MYH7,715,M439L,0
1778,MYH7,716,W438C,0
1779,MYH7,717,N437K,0
1780,MYH7,718,M435I,0
1781,MYH7,719,M435T,0
1782,MYH7,720,M435R,0
1783,MYH7,721,M435K,0
1784,MYH7,722,M435L,0
1786,MYH7,723,V431M,0
1787,MYH7,724,K429E,0
1789,MYH7,725,A426fs,0
1790,MYH7,726,L427V,0
1793,MYH7,727,A423V,0
1795,MYH7,728,Y422C,0
1796,MYH7,729,I421V,0
1801,MYH7,730,Q418P,0
1802,MYH7,731,N416H,0
1804,MYH7,732,G414R,0
1806,MYH7,733,T412A,0
1809,MYH7,734,Y410*,0
1810,MYH7,735,E409G,0
1812,MYH7,736,N408K,0
1813,MYH7,737,G407V,0
1815,MYH7,738,V406fs,0
1816,MYH7,739,V406A,0
1817,MYH7,740,R403P,0
1818,MYH7,741,R403L,0
1819,MYH7,742,R403Q,0
1820,MYH7,743,R403G,0
1821,MYH7,744,R403W,0
1822,MYH7,745,P402H,0
1826,MYH7,746,H401fs,0
1827,MYH7,747,C400W,0
1828,MYH7,748,C400fs,0
1829,MYH7,749,G398E,0
1831,MYH7,750,K397E,0
1832,MYH7,751,L396R,0
1833,MYH7,752,L396P,0
1834,MYH7,753,L395P,0
1836,MYH7,754,L395M,0
1837,MYH7,755,D394E,0
1839,MYH7,756,A393D,0
1840,MYH7,757,A393P,0
1841,MYH7,758,S392T,0
1842,MYH7,759,N391S,0
1843,MYH7,760,M388I,0
1844,MYH7,761,M388T,0
1845,MYH7,762,L387V,0
1846,MYH7,763,L387F,0
1849,MYH7,764,S384P,0
1850,MYH7,765,K383R,0
1851,MYH7,766,D382G,0
1852,MYH7,767,D382H,0
1853,MYH7,768,D382Y,0
1854,MYH7,769,A381D,0
1855,MYH7,770,A381T,0
1857,MYH7,771,E379A,0
1858,MYH7,772,E379K,0
1860,MYH7,773,G377D,0
1861,MYH7,774,G377R,0
1862,MYH7,775,G377S,0
1863,MYH7,776,E374V,0
1864,MYH7,777,E374A,0
1865,MYH7,778,E374K,0
1867,MYH7,779,A373V,0
1870,MYH7,780,E371D,0
1871,MYH7,781,E370V,0
1872,MYH7,782,E370K,0
1874,MYH7,783,R369W,0
1875,MYH7,784,Q368P,0
1877,MYH7,785,K365T,0
1878,MYH7,786,K365Q,0
1879,MYH7,787,F364L,0
1880,MYH7,788,M362T,0
1884,MYH7,789,M357K,0
1886,MYH7,790,A355P,0
1887,MYH7,791,A355S,0
1888,MYH7,792,A355T,0
1890,MYH7,793,G354D,0
1891,MYH7,794,G354S,0
1892,MYH7,795,T353I,0
1895,MYH7,796,K351M,0
1896,MYH7,797,K351T,0
1897,MYH7,798,K351E,0
1899,MYH7,799,M349T,0
1900,MYH7,800,M349V,0
1901,MYH7,801,S348P,0
1902,MYH7,802,E345K,0
1903,MYH7,803,E344K,0
1905,MYH7,804,T342I,0
1906,MYH7,805,T342P,0
1907,MYH7,806,G340V,0
1909,MYH7,807,V338E,0
1910,MYH7,808,V338A,0
1911,MYH7,809,V338M,0
1912,MYH7,810,A335V,0
1920,MYH7,811,D333E,0
1921,MYH7,812,D333V,0
1922,MYH7,813,D333G,0
1925,MYH7,814,T332I,0
1928,MYH7,815,L329P,0
1930,MYH7,816,L329F,0
1932,MYH7,817,E328G,0
1933,MYH7,818,A326S,0
1934,MYH7,819,A326T,0
1935,MYH7,820,D325V,0
1936,MYH7,821,D325G,0
1937,MYH7,822,D325Y,0
1938,MYH7,823,D324G,0
1939,MYH7,824,I323M,0
1940,MYH7,825,I323S,0
1941,MYH7,826,I323T,0
1942,MYH7,827,I323V,0
1943,MYH7,828,S322T,0
1945,MYH7,829,V320E,0
1946,MYH7,830,V320M,0
1948,MYH7,831,T318P,0
1949,MYH7,832,E317Q,0
1951,MYH7,833,S314P,0
1953,MYH7,834,I313V,0
1954,MYH7,835,I313F,0
1955,MYH7,836,F312L,0
1956,MYH7,837,A311E,0
1957,MYH7,838,Y308fs,0
1959,MYH7,839,P307S,0
1960,MYH7,840,N306K,0
1961,MYH7,841,N306H,0
1962,MYH7,842,T304S,0
1963,MYH7,843,I303M,0
1966,MYH7,844,L301R,0
1967,MYH7,845,M300R,0
1968,MYH7,846,M300T,0
1970,MYH7,847,D299G,0
1978,MYH7,848,D299H,0
1979,MYH7,849,D299N,0
1980,MYH7,850,P295T,0
1981,MYH7,851,K293R,0
1982,MYH7,852,S291fs,0
1984,MYH7,853,Q288R,0
1985,MYH7,854,Q288*,0
1989,MYH7,855,F286C,0
1991,MYH7,856,I285V,0
1993,MYH7,857,R281K,0
1994,MYH7,858,R281T,0
1995,MYH7,859,E280fs,0
1996,MYH7,860,E280K,0
1999,MYH7,861,L277V,0
2000,MYH7,862,I274T,0
2001,MYH7,863,V273I,0
2002,MYH7,864,V273F,0
2003,MYH7,865,R272fs,0
2004,MYH7,866,S271fs,0
2007,MYH7,867,L268P,0
2008,MYH7,868,L268V,0
2009,MYH7,869,L267V,0
2012,MYH7,870,T265I,0
2013,MYH7,871,T265N,0
2015,MYH7,872,I263T,0
2016,MYH7,873,D262N,0
2018,MYH7,874,S260T,0
2019,MYH7,875,A259E,0
2021,MYH7,876,K257R,0
2022,MYH7,877,G256E,0
2023,MYH7,878,T255K,0
2024,MYH7,879,A254E,0
2025,MYH7,880,G253E,0
2026,MYH7,881,G253V,0
2028,MYH7,882,F252C,0
2029,MYH7,883,F252S,0
2032,MYH7,884,R249L,0
2033,MYH7,885,R249Q,0
2034,MYH7,886,R249*,0
2035,MYH7,887,R249G,0
2036,MYH7,888,I248M,0
2037,MYH7,889,I248T,0
2039,MYH7,890,F247L,0
2040,MYH7,891,F247S,0
2041,MYH7,892,F247L,0
2042,MYH7,893,G245E,0
2053,MYH7,894,R243C,0
2054,MYH7,895,S241Y,0
2055,MYH7,896,S241F,0
2056,MYH7,897,S241P,0
2058,MYH7,898,D239A,0
2059,MYH7,899,D239N,0
2060,MYH7,900,N238K,0
2061,MYH7,901,R237Q,0
2062,MYH7,902,V236A,0
2063,MYH7,903,V236I,0
2065,MYH7,904,T235A,0
2066,MYH7,905,K234N,0
2067,MYH7,906,K234E,0
2068,MYH7,907,A233V,0
2069,MYH7,908,A233T,0
2073,MYH7,909,F230L,0
2074,MYH7,910,F230S,0
2075,MYH7,911,A229T,0
2076,MYH7,912,P225L,0
2077,MYH7,913,N224S,0
2080,MYH7,914,A223T,0
2081,MYH7,915,Q222H,0
2082,MYH7,916,Q222K,0
2083,MYH7,917,I221T,0
2085,MYH7,918,I220L,0
2086,MYH7,919,Q219E,0
2090,MYH7,920,L216P,0
2099,MYH7,921,K213Q,0
2100,MYH7,922,K213E,0
2102,MYH7,923,G212S,0
2103,MYH7,924,P211L,0
2104,MYH7,925,Q209H,0
2105,MYH7,926,Q209*,0
2106,MYH7,927,Q209K,0
2107,MYH7,928,D208A,0
2108,MYH7,929,D208V,0
2109,MYH7,930,K207del,0
2110,MYH7,931,K206R,0
2111,MYH7,932,K206Q,0
2112,MYH7,933,S205R,0
2113,MYH7,934,R204C,0
2115,MYH7,935,I201T,0
2116,MYH7,936,I201F,0
2118,MYH7,937,A199V,0
2119,MYH7,938,A199T,0
2120,MYH7,939,Y194*,0
2121,MYH7,940,Y194C,0
2122,MYH7,941,Q193L,0
2123,MYH7,942,I192V,0
2126,MYH7,943,K189R,0
2127,MYH7,944,T188P,0
2129,MYH7,945,N187S,0
2130,MYH7,946,N187H,0
2131,MYH7,947,V186L,0
2133,MYH7,948,K184Q,0
2134,MYH7,949,A182V,0
2135,MYH7,950,G181E,0
2136,MYH7,951,S180T,0
2138,MYH7,952,E179K,0
2139,MYH7,953,G178R,0
2140,MYH7,954,G178R,0
2150,MYH7,955,T177I,0
2151,MYH7,956,I176V,0
2155,MYH7,957,N171H,0
2156,MYH7,958,E170fs,0
2157,MYH7,959,R169S,0
2158,MYH7,960,R169G,0
2162,MYH7,961,D168N,0
2163,MYH7,962,L166R,0
2164,MYH7,963,M165I,0
2166,MYH7,964,M165I,0
2167,MYH7,965,M165T,0
2168,MYH7,966,M165R,0
2169,MYH7,967,M165K,0
2170,MYH7,968,Y164*,0
2171,MYH7,969,Y164C,0
2172,MYH7,970,Y164H,0
2174,MYH7,971,Q163*,0
2175,MYH7,972,Y162H,0
2176,MYH7,973,Y162D,0
2179,MYH7,974,D159N,0
2181,MYH7,975,D159fs,0
2183,MYH7,976,I154T,0
2184,MYH7,977,I154V,0
2185,MYH7,978,H153Y,0
2187,MYH7,979,A150G,0
2188,MYH7,980,A150T,0
2189,MYH7,981,S148R,0
2190,MYH7,982,S148R,0
2192,MYH7,983,R147S,0
2193,MYH7,984,R147K,0
2194,MYH7,985,R147G,0
2195,MYH7,986,K146N,0
2196,MYH7,987,G144V,0
2197,MYH7,988,G144D,0
2198,MYH7,989,G144C,0
2199,MYH7,990,G144S,0
2200,MYH7,991,R143P,0
2201,MYH7,992,R143Q,0
2204,MYH7,993,R143W,0
2207,MYH7,994,V138M,0
2208,MYH7,995,E137V,0
2209,MYH7,996,P136A,0
2210,MYH7,997,P132L,0
2221,MYH7,998,Y115H,0
2222,MYH7,999,I114N,0
2223,MYH7,1000,I114T,0
2224,MYH7,1001,M113I,0
2225,MYH7,1002,M113K,0
2226,MYH7,1003,M113L,0
2229,MYH7,1004,W112*,0
2231,MYH7,1005,Y109*,0
2232,MYH7,1006,Y109H,0
2234,MYH7,1007,R108C,0
2235,MYH7,1008,N104S,0
2236,MYH7,1009,Y103C,0
2237,MYH7,1010,A100V,0
2238,MYH7,1011,A100T,0
2240,MYH7,1012,E98K,0
2241,MYH7,1013,L96Q,0
2244,MYH7,1014,M92V,0
2245,MYH7,1015,M90I,0
2246,MYH7,1016,M90R,0
2247,MYH7,1017,M90V,0
2248,MYH7,1018,I87fs,0
2249,MYH7,1019,D85H,0
2250,MYH7,1020,D85N,0
2252,MYH7,1021,P81S,0
2254,MYH7,1022,N80H,0
2255,MYH7,1023,D74E,0
2256,MYH7,1024,D74G,0
2258,MYH7,1025,V71M,0
2259,MYH7,1026,T70N,0
2260,MYH7,1027,T70I,0
2261,MYH7,1028,T70S,0
2270,MYH7,1029,K67T,0
2271,MYH7,1030,G66D,0
2273,MYH7,1031,Y65C,0
2275,MYH7,1032,E62K,0
2276,MYH7,1033,T60I,0
2277,MYH7,1034,G56V,0
2278,MYH7,1035,G56A,0
2279,MYH7,1036,G56S,0
2281,MYH7,1037,R54L,0
2282,MYH7,1038,R54P,0
2283,MYH7,1039,R54Q,0
2284,MYH7,1040,R54*,0
2285,MYH7,1041,S53Y,0
2286,MYH7,1042,I51T,0
2287,MYH7,1043,F46Y,0
2289,MYH7,1044,F46L,0
2291,MYH7,1045,E45D,0
2293,MYH7,1046,E45G,0
2295,MYH7,1047,K43fs,0
2296,MYH7,1048,D42N,0
2297,MYH7,1049,D41N,0
2298,MYH7,1050,P40S,0
2300,MYH7,1051,F38S,0
2303,MYH7,1052,F31L,0
2304,MYH7,1053,P30L,0
2305,MYH7,1054,P30T,0
2306,MYH7,1055,P30A,0
2308,MYH7,1056,Q27R,0
2309,MYH7,1057,A26T,0
2311,MYH7,1058,R23Q,0
2312,MYH7,1059,R23W,0
2313,MYH7,1060,K18E,0
2314,MYH7,1061,R17H,0
2315,MYH7,1062,R17C,0
2316,MYH7,1063,L16P,0
2318,MYH7,1064,A13T,0
2321,MYH7,1065,V8L,0
2322,MYH7,1066,V8I,0
2324,MYH7,1067,M6T,0
2325,MYH7,1068,E5D,0
2326,MYH7,1069,S4W,0
2327,MYH7,1070,S4L,0
2328,MYH7,1071,D3E,0
2329,MYH7,1072,M1V,0
